Date,Province,Total Confirmed Case Count Till Date,Daily Case Count,Total Death Count Till Date,Daily Death Count,Total Recovery Count Till Date,Daily Recovery Count,Total Active Cases,Cases Today Added Or Reduced,Total Incidence Rate,Incidence Rate Today,Total CF Ratio,CF Ratio Today
5th August 2021,Sindh,392433,+2734,6098,+29,339379,+5729,46956,-3024,819.51,+5.71,1.55,-0.00
4th August 2021,Sindh,389699,+2438,6069,+12,333650,+449,49980,+1977,813.80,+5.09,1.56,-0.01
3rd August 2021,Sindh,387261,+1847,6057,+36,333201,+424,48003,+1387,808.71,+3.86,1.56,+0.00
2nd August 2021,Sindh,385414,+2549,6021,+20,332777,+368,46616,+2161,804.86,+5.32,1.56,-0.01
1st August 2021,Sindh,382865,+2772,6001,+30,332409,+607,44455,+2135,799.53,+5.79,1.57,-0.00
31st July 2021,Sindh,380093,+2862,5971,+24,331802,+493,42320,+2345,793.74,+5.98,1.57,-0.01
30th July 2021,Sindh,377231,+2797,5947,+44,331309,+473,39975,+2280,787.77,+5.84,1.58,-0.00
29th July 2021,Sindh,374434,+2672,5903,+43,330836,+670,37695,+1959,781.93,+5.58,1.58,+0.00
28th July 2021,Sindh,371762,+2517,5860,+20,330166,+5960,35736,-3463,776.35,+5.26,1.58,-0.01
27th July 2021,Sindh,369245,+2153,5840,+7,324206,+621,39199,+1525,771.09,+4.50,1.58,-0.01
26th July 2021,Sindh,367092,+2308,5833,+19,323585,+799,37674,+1490,766.59,+4.82,1.59,-0.00
25th July 2021,Sindh,364784,+2602,5814,+29,322786,+857,36184,+1716,761.78,+5.43,1.59,-0.00
24th July 2021,Sindh,362182,+0,5785,+0,321929,+0,34468,+0,756.34,-0.00,1.60,+0.00
23rd July 2021,Sindh,362182,+1022,5785,+1,321929,+152,34468,+869,756.34,+2.13,1.60,-0.00
22nd July 2021,Sindh,361160,+1336,5784,+28,321777,+346,33599,+962,754.21,+2.79,1.60,+0.00
21st July 2021,Sindh,359824,+1648,5756,+19,321431,+338,32637,+1291,751.42,+3.44,1.60,-0.00
20th July 2021,Sindh,358176,+1247,5737,+17,321093,+493,31346,+737,747.98,+2.60,1.60,-0.00
19th July 2021,Sindh,356929,+1467,5720,+18,320600,+385,30609,+1064,745.37,+3.06,1.60,-0.00
18th July 2021,Sindh,355462,+1359,5702,+5,320215,+389,29545,+965,742.31,+2.84,1.60,-0.00
17th July 2021,Sindh,354103,+1631,5697,+25,319826,+381,28580,+1225,739.47,+3.41,1.61,-0.00
16th July 2021,Sindh,352472,+1466,5672,+25,319445,+649,27355,+792,736.06,+3.06,1.61,+0.00
15th July 2021,Sindh,351006,+1420,5647,+26,318796,+420,26563,+974,733.00,+2.97,1.61,+0.00
14th July 2021,Sindh,349586,+1201,5621,+8,318376,+535,25589,+658,730.04,+2.51,1.61,-0.00
13th July 2021,Sindh,348385,+907,5613,+6,317841,+174,24931,+727,727.53,+1.89,1.61,-0.00
12th July 2021,Sindh,347478,+1118,5607,+8,317667,+256,24204,+854,725.64,+2.33,1.61,-0.00
11th July 2021,Sindh,346360,+1091,5599,+16,317411,+551,23350,+524,723.30,+2.28,1.62,-0.00
10th July 2021,Sindh,345269,+1046,5583,+17,316860,+579,22826,+450,721.02,+2.18,1.62,+0.00
9th July 2021,Sindh,344223,+920,5566,+14,316281,+398,22376,+508,718.84,+1.92,1.62,-0.00
8th July 2021,Sindh,343303,+1075,5552,+16,315883,+505,21868,+554,716.92,+2.24,1.62,-0.00
7th July 2021,Sindh,342228,+953,5536,+8,315378,+441,21314,+504,714.67,+1.99,1.62,-0.00
6th July 2021,Sindh,341275,+373,5528,+8,314937,+341,20810,+24,712.68,+0.78,1.62,+0.00
5th July 2021,Sindh,340902,+940,5520,+8,314596,+157,20786,+775,711.90,+1.96,1.62,-0.00
4th July 2021,Sindh,339962,+694,5512,+15,314439,+571,20011,+108,709.94,+1.45,1.62,+0.00
3rd July 2021,Sindh,339268,+881,5497,+19,313868,+492,19903,+370,708.49,+1.84,1.62,+0.00
2nd July 2021,Sindh,338387,+713,5478,+14,313376,+640,19533,+59,706.65,+1.49,1.62,+0.00
1st July 2021,Sindh,337674,+622,5464,+24,312736,+399,19474,+199,705.16,+1.30,1.62,+0.00
30th June 2021,Sindh,337052,+545,5440,+13,312337,+558,19275,-26,703.86,+1.14,1.61,+0.00
29th June 2021,Sindh,336507,+431,5427,+9,311779,+405,19301,+17,702.72,+0.90,1.61,+0.00
28th June 2021,Sindh,336076,+521,5418,+8,311374,+369,19284,+144,701.82,+1.09,1.61,-0.00
27th June 2021,Sindh,335555,+511,5410,+3,311005,+909,19140,-401,700.74,+1.07,1.61,-0.00
26th June 2021,Sindh,335044,+591,5407,+15,310096,+600,19541,-24,699.67,+1.23,1.61,+0.00
25th June 2021,Sindh,334453,+655,5392,+24,309496,+426,19565,+205,698.44,+1.37,1.61,+0.00
24th June 2021,Sindh,333798,+604,5368,+10,309070,+501,19360,+93,697.07,+1.26,1.61,+0.00
23rd June 2021,Sindh,333194,+517,5358,+14,308569,+789,19267,-286,695.81,+1.08,1.61,+0.00
22nd June 2021,Sindh,332677,+423,5344,+3,307780,+482,19553,-62,694.73,+0.88,1.61,-0.00
21st June 2021,Sindh,332254,+1160,5341,+27,307298,+1365,19615,-232,693.84,+2.42,1.61,+0.00
20th June 2021,Sindh,331094,+0,5314,+0,305933,+0,19847,+0,691.42,+0.00,1.60,+0.00
19th June 2021,Sindh,331094,+542,5314,+8,305933,+514,19847,+20,691.42,+1.13,1.60,-0.00
18th June 2021,Sindh,330552,+605,5306,+14,305419,+722,19827,-131,690.29,+1.26,1.61,+0.00
17th June 2021,Sindh,329947,+668,5292,+19,304697,+3816,19958,-3167,689.03,+1.39,1.60,+0.00
16th June 2021,Sindh,329279,+616,5273,+17,300881,+792,23125,-193,687.63,+1.29,1.60,+0.00
15th June 2021,Sindh,328663,+479,5256,+13,300089,+643,23318,-177,686.34,+1.00,1.60,+0.00
14th June 2021,Sindh,328184,+580,5243,+7,299446,+271,23495,+302,685.34,+1.21,1.60,-0.00
13th June 2021,Sindh,327604,+583,5236,+16,299175,+831,23193,-264,684.13,+1.22,1.60,+0.00
12th June 2021,Sindh,327021,+608,5220,+24,298344,+798,23457,-214,682.91,+1.27,1.60,+0.00
11th June 2021,Sindh,326413,+675,5196,+13,297546,+725,23671,-63,681.65,+1.41,1.59,+0.00
10th June 2021,Sindh,325738,+628,5183,+19,296821,+574,23734,+35,680.24,+1.31,1.59,+0.00
9th June 2021,Sindh,325110,+575,5164,+20,296247,+743,23699,-188,678.92,+1.20,1.59,+0.00
8th June 2021,Sindh,324535,+707,5144,+8,295504,+668,23887,+31,677.72,+1.48,1.59,-0.00
7th June 2021,Sindh,323828,+756,5136,+20,294836,+579,23856,+157,676.25,+1.58,1.59,+0.00
6th June 2021,Sindh,323072,+722,5116,+11,294257,+747,23699,-36,674.67,+1.51,1.58,-0.00
5th June 2021,Sindh,322350,+925,5105,+16,293510,+1509,23735,-600,673.16,+1.93,1.58,+0.00
4th June 2021,Sindh,321425,+937,5089,+16,292001,+1361,24335,-440,671.23,+1.96,1.58,+0.00
3rd June 2021,Sindh,320488,+1041,5073,+22,290640,+1238,24775,-219,669.27,+2.17,1.58,+0.00
2nd June 2021,Sindh,319447,+868,5051,+12,289402,+1674,24994,-818,667.10,+1.81,1.58,-0.00
1st June 2021,Sindh,318579,+914,5039,+19,287728,+684,25812,+211,665.29,+1.91,1.58,+0.00
31st May 2021,Sindh,317665,+913,5020,+6,287044,+286,25601,+621,663.38,+1.91,1.58,-0.00
30th May 2021,Sindh,316752,+1342,5014,+11,286758,+783,24980,+548,661.47,+2.80,1.58,-0.00
29th May 2021,Sindh,315410,+1252,5003,+15,285975,+572,24432,+665,658.67,+2.61,1.59,-0.00
28th May 2021,Sindh,314158,+1099,4988,+22,285403,+708,23767,+369,656.05,+2.30,1.59,+0.00
27th May 2021,Sindh,313059,+1293,4966,+24,284695,+1012,23398,+257,653.76,+2.70,1.59,+0.00
26th May 2021,Sindh,311766,+1209,4942,+6,283683,+1273,23141,-70,651.06,+2.52,1.59,-0.00
25th May 2021,Sindh,310557,+910,4936,+16,282410,+814,23211,+80,648.53,+1.90,1.59,+0.00
24th May 2021,Sindh,309647,+1529,4920,+11,281596,+599,23131,+919,646.63,+3.19,1.59,-0.00
23rd May 2021,Sindh,308118,+1411,4909,+18,280997,+830,22212,+563,643.44,+2.95,1.59,-0.00
22nd May 2021,Sindh,306707,+2136,4891,+22,280167,+979,21649,+1135,640.49,+4.46,1.59,-0.00
21st May 2021,Sindh,304571,+1248,4869,+15,279188,+908,20514,+325,636.03,+2.61,1.60,-0.00
20th May 2021,Sindh,303323,+2076,4854,+19,278280,+611,20189,+1446,633.43,+4.34,1.60,-0.00
19th May 2021,Sindh,301247,+1334,4835,+11,277669,+927,18743,+396,629.09,+2.79,1.60,-0.00
18th May 2021,Sindh,299913,+719,4824,+23,276742,+666,18347,+30,626.31,+1.50,1.61,+0.00
17th May 2021,Sindh,299194,+1116,4801,+7,276076,+487,18317,+622,624.80,+2.33,1.60,-0.00
16th May 2021,Sindh,298078,+1000,4794,+1,275589,+2386,17695,-1387,622.47,+2.09,1.61,-0.01
15th May 2021,Sindh,297078,+714,4793,+13,273203,+340,19082,+361,620.39,+1.49,1.61,+0.00
14th May 2021,Sindh,296364,+881,4780,+2,272863,+649,18721,+230,618.89,+1.84,1.61,-0.00
13th May 2021,Sindh,295483,+1232,4778,+13,272214,+633,18491,+586,617.05,+2.57,1.62,-0.00
12th May 2021,Sindh,294251,+825,4765,+12,271581,+871,17905,-58,614.48,+1.72,1.62,-0.00
11th May 2021,Sindh,293426,+782,4753,+11,270710,+890,17963,+255,612.76,+3.67,1.62,-0.00
10th May 2021,Sindh,292644,+976,4742,+16,269820,+586,17708,+0,609.09,+0.00,1.62,+0.00
9th May 2021,Sindh,291668,+912,4726,+4,269234,+676,17708,+232,609.09,+1.90,1.62,-0.00
8th May 2021,Sindh,290756,+1110,4722,+24,268558,+1034,17476,+52,607.18,+2.32,1.62,+0.00
7th May 2021,Sindh,289646,+2003,4698,+11,267524,+1136,17424,+856,604.87,+4.18,1.62,-0.01
6th May 2021,Sindh,287643,+1122,4687,+9,266388,+612,16568,+501,600.68,+2.34,1.63,-0.00
5th May 2021,Sindh,286521,+0,4678,+0,265776,+0,16067,+0,598.34,+0.00,1.63,+0.00
4th May 2021,Sindh,286521,+895,4678,+11,265776,+500,16067,+384,598.34,+1.87,1.63,-0.00
3rd May 2021,Sindh,285626,+888,4667,+9,265276,+444,15683,+435,596.47,+1.85,1.63,-0.00
2nd May 2021,Sindh,284738,+1178,4658,+13,264832,+418,15248,+747,594.62,+2.46,1.64,-0.00
1st May 2021,Sindh,283560,+1115,4645,+12,264414,+362,14501,+741,592.16,+2.33,1.64,-0.00
30th April 2021,Sindh,282445,+1060,4633,+4,264052,+279,13760,+777,589.83,+2.21,1.64,-0.00
29th April 2021,Sindh,281385,+1029,4629,+5,263773,+508,12983,+516,587.61,+2.15,1.65,-0.00
28th April 2021,Sindh,280356,+1084,4624,+19,263265,+626,12467,+439,585.46,+2.26,1.65,+0.00
27th April 2021,Sindh,279272,+727,4605,+6,262639,+343,12028,+378,583.20,+1.52,1.65,-0.00
26th April 2021,Sindh,278545,+952,4599,+6,262296,+158,11650,+1438,581.68,+3.92,1.65,-0.01
25th April 2021,Sindh,277593,+923,4593,+6,262138,+267,10212,+515,577.77,+1.79,1.66,-0.00
24th April 2021,Sindh,276670,+855,4587,+11,261871,+329,9697,+0,575.98,+0.00,1.66,+0.00
23rd April 2021,Sindh,275815,+734,4576,+14,261542,+244,9697,+476,575.98,+1.53,1.66,+0.00
22nd April 2021,Sindh,275081,+885,4562,+3,261298,+246,9221,+636,574.45,+1.85,1.66,-0.00
21st April 2021,Sindh,274196,+730,4559,+3,261052,+374,8585,+353,572.60,+1.52,1.66,-0.00
20th April 2021,Sindh,273466,+737,4556,+3,260678,+350,8232,+384,571.08,+1.54,1.67,-0.00
19th April 2021,Sindh,272729,+532,4553,+2,260328,+206,7848,+324,569.54,+1.11,1.67,-0.00
18th April 2021,Sindh,272197,+673,4551,+7,260122,+330,7524,+336,568.43,+1.41,1.67,-0.00
17th April 2021,Sindh,271524,+561,4544,+3,259792,+404,7188,+154,567.02,+1.17,1.67,-0.00
16th April 2021,Sindh,270963,+653,4541,+8,259388,+389,7034,+256,565.85,+1.36,1.68,-0.00
15th April 2021,Sindh,270310,+470,4533,+3,258999,+466,6778,+1,564.49,+0.98,1.68,-0.00
14th April 2021,Sindh,269840,+366,4530,+0,258533,+583,6777,-217,563.50,+0.76,1.68,-0.00
13th April 2021,Sindh,269474,+348,4530,+0,257950,+146,6994,+202,562.74,+0.73,1.68,-0.00
12th April 2021,Sindh,269126,+376,4530,+1,257804,+154,6792,+221,562.01,+0.79,1.68,-0.00
11th April 2021,Sindh,268750,+466,4529,+6,257650,+57,6571,+403,561.23,+0.97,1.69,-0.00
10th April 2021,Sindh,268284,+314,4523,+2,257593,+271,6168,+41,560.26,+0.66,1.69,-0.00
9th April 2021,Sindh,267970,+358,4521,+1,257322,+146,6127,+211,559.60,+0.75,1.69,-0.00
8th April 2021,Sindh,267612,+374,4520,+4,257176,+163,5916,+207,558.85,+0.78,1.69,-0.00
7th April 2021,Sindh,267238,+312,4516,+6,257013,+116,5709,+190,558.07,+0.65,1.69,+0.00
6th April 2021,Sindh,266926,+308,4510,+1,256897,+191,5519,+116,557.42,+0.64,1.69,-0.00
5th April 2021,Sindh,266618,+240,4509,+0,256706,+64,5403,+176,556.78,+0.50,1.69,-0.00
4th April 2021,Sindh,266378,+205,4509,+3,256642,+163,5227,+198,556.27,+0.96,1.69,-0.00
3rd April 2021,Sindh,266173,+256,4506,+2,256479,+95,5029,+0,555.31,+0.00,1.69,+0.00
2nd April 2021,Sindh,265917,+237,4504,+2,256384,+108,5029,+127,555.31,+0.49,1.69,-0.00
1st April 2021,Sindh,265680,+247,4502,+5,256276,+224,4902,+18,554.82,+0.52,1.69,+0.00
31st March 2021,Sindh,265433,+275,4497,+2,256052,+100,4884,+173,554.30,+0.57,1.69,-0.00
30th March 2021,Sindh,265158,+269,4495,+4,255952,+183,4711,+82,553.73,+0.56,1.70,-0.00
29th March 2021,Sindh,264889,+282,4491,+0,255769,+98,4629,+184,553.17,+0.59,1.70,-0.00
28th March 2021,Sindh,264607,+252,4491,+4,255671,+160,4445,+88,552.58,+0.53,1.70,-0.00
27th March 2021,Sindh,264355,+293,4487,+1,255511,+112,4357,+180,552.05,+0.61,1.70,-0.00
26th March 2021,Sindh,264062,+247,4486,+4,255399,+152,4177,+91,551.44,+0.52,1.70,-0.00
25th March 2021,Sindh,263815,+151,4482,+0,255247,+1266,4086,-1115,550.92,+0.32,1.70,-0.00
24th March 2021,Sindh,263664,+200,4482,+3,253981,+146,5201,+51,550.61,+0.42,1.70,-0.00
23rd March 2021,Sindh,263464,+174,4479,+0,253835,+105,5150,+69,550.19,+0.36,1.70,-0.00
22nd March 2021,Sindh,263290,+232,4479,+0,253730,+146,5081,+86,549.83,+0.48,1.70,-0.00
21st March 2021,Sindh,263058,+262,4479,+1,253584,+128,4995,+133,549.34,+0.55,1.70,-0.00
20th March 2021,Sindh,262796,+293,4478,+5,253456,+146,4862,+142,548.79,+0.61,1.70,+0.00
19th March 2021,Sindh,262503,+296,4473,+4,253310,+73,4720,+219,548.18,+0.62,1.70,-0.00
18th March 2021,Sindh,262207,+384,4469,+1,253237,+196,4501,+187,547.56,+0.80,1.70,-0.00
17th March 2021,Sindh,261823,+241,4468,+7,253041,+184,4314,+50,546.76,+0.50,1.71,+0.00
16th March 2021,Sindh,261582,+171,4461,+3,252857,+144,4264,+24,546.26,+0.36,1.71,+0.00
15th March 2021,Sindh,261411,+232,4458,+5,252713,+39,4240,+188,545.90,+0.48,1.71,+0.00
14th March 2021,Sindh,261179,+220,4453,+0,252674,+49,4052,+171,545.42,+0.46,1.70,-0.00
13th March 2021,Sindh,260959,+298,4453,+1,252625,+93,3881,+204,544.96,+0.62,1.71,-0.00
12th March 2021,Sindh,260661,+255,4452,+4,252532,+859,3677,-608,544.34,+0.53,1.71,-0.00
11th March 2021,Sindh,260406,+256,4448,+6,251673,+142,4285,+108,543.80,+0.53,1.71,+0.00
10th March 2021,Sindh,260150,+194,4442,+6,251531,+137,4177,+51,543.27,+0.41,1.71,+0.00
9th March 2021,Sindh,259956,+101,4436,+10,251394,+2206,4126,-2115,542.86,+0.21,1.71,+0.00
8th March 2021,Sindh,259855,+189,4426,+2,249188,+189,6241,-2,542.65,+0.39,1.70,-0.00
7th March 2021,Sindh,259666,+274,4424,+13,248999,+188,6243,+73,542.26,+0.57,1.70,+0.00
6th March 2021,Sindh,259392,+228,4411,+6,248811,+333,6170,-111,541.69,+0.48,1.70,+0.00
5th March 2021,Sindh,259164,+260,4405,+17,248478,+294,6281,-51,541.21,+0.54,1.70,+0.00
4th March 2021,Sindh,258904,+225,4388,+16,248184,+326,6332,-117,540.67,+0.47,1.69,+0.00
3rd March 2021,Sindh,258679,+267,4372,+19,247858,+5644,6449,-5396,540.20,+0.56,1.69,+0.01
2nd March 2021,Sindh,258412,+146,4353,+3,242214,+350,11845,-207,539.64,+0.30,1.68,+0.00
1st March 2021,Sindh,258266,+262,4350,+7,241864,+384,12052,-129,539.33,+0.55,1.68,+0.00
28th February 2021,Sindh,258004,+274,4343,+8,241480,+224,12181,+42,538.79,+0.57,1.68,+0.00
27th February 2021,Sindh,257730,+322,4335,+13,241256,+273,12139,+36,538.22,+0.67,1.68,+0.00
26th February 2021,Sindh,257408,+319,4322,+7,240983,+307,12103,+5,537.54,+0.67,1.68,+0.00
25th February 2021,Sindh,257089,+348,4315,+14,240676,+619,12098,-285,536.88,+0.73,1.68,+0.00
24th February 2021,Sindh,256741,+296,4301,+8,240057,+771,12383,-483,536.15,+0.62,1.68,+0.00
23rd February 2021,Sindh,256445,+225,4293,+1,239286,+175,12866,+49,535.53,+0.47,1.67,-0.00
22nd February 2021,Sindh,256220,+386,4292,+4,239111,+319,12817,+63,535.06,+0.81,1.68,-0.00
21st February 2021,Sindh,255834,+404,4288,+12,238792,+294,12754,+98,534.26,+0.84,1.68,+0.00
20th February 2021,Sindh,255430,+391,4276,+9,238498,+468,12656,-86,533.41,+0.82,1.67,+0.00
19th February 2021,Sindh,255039,+361,4267,+4,238030,+659,12742,-302,532.60,+0.75,1.67,-0.00
18th February 2021,Sindh,254678,+392,4263,+19,237371,+872,13044,-499,531.84,+0.82,1.67,+0.00
17th February 2021,Sindh,254286,+524,4244,+25,236499,+1029,13543,-530,531.02,+1.09,1.67,+0.01
16th February 2021,Sindh,253762,+0,4219,+0,235470,+0,14073,+0,529.93,+0.00,1.66,+0.00
15th February 2021,Sindh,253762,+251,4219,+7,235470,+327,14073,-83,529.93,+0.52,1.66,+0.00
14th February 2021,Sindh,253511,+421,4212,+13,235143,+559,14156,-151,529.40,+0.88,1.66,+0.00
13th February 2021,Sindh,253090,+371,4199,+16,234584,+4939,14307,-4584,528.53,+0.77,1.66,+0.00
12th February 2021,Sindh,252719,+423,4183,+12,229645,+430,18891,-19,527.75,+0.88,1.66,+0.00
11th February 2021,Sindh,252296,+538,4171,+14,229215,+623,18910,-99,526.87,+1.12,1.65,+0.00
10th February 2021,Sindh,251758,+324,4157,+25,228592,+644,19009,-345,525.74,+0.68,1.65,+0.01
9th February 2021,Sindh,251434,+387,4132,+13,227948,+390,19354,-16,525.07,+0.81,1.64,+0.00
8th February 2021,Sindh,251047,+399,4119,+32,227558,+410,19370,-43,524.26,+0.83,1.64,+0.01
7th February 2021,Sindh,250648,+605,4087,+21,227148,+396,19413,+188,523.43,+1.26,1.63,+0.00
6th February 2021,Sindh,250043,+545,4066,+7,226752,+338,19225,+200,522.16,+1.14,1.63,-0.00
5th February 2021,Sindh,249498,+579,4059,+23,226414,+397,19025,+159,521.02,+1.21,1.63,+0.01
4th February 2021,Sindh,248919,+649,4036,+3,226017,+720,18866,-74,519.82,+1.36,1.62,-0.00
3rd February 2021,Sindh,248270,+543,4033,+29,225297,+314,18940,+200,518.46,+1.13,1.62,+0.01
2nd February 2021,Sindh,247727,+478,4004,+8,224983,+319,18740,+151,517.33,+1.00,1.62,+0.00
1st February 2021,Sindh,247249,+812,3996,+4,224664,+563,18589,+245,516.33,+1.70,1.62,-0.00
31st January 2021,Sindh,246437,+774,3992,+6,224101,+743,18344,+25,514.63,+1.62,1.62,-0.00
30th January 2021,Sindh,245663,+1323,3986,+17,223358,+735,18319,+571,513.02,+2.76,1.62,-0.00
29th January 2021,Sindh,244340,+657,3969,+12,222623,+586,17748,+59,510.25,+1.37,1.62,+0.00
28th January 2021,Sindh,243683,+890,3957,+32,222037,+1030,17689,-172,508.88,+1.86,1.62,+0.01
27th January 2021,Sindh,242793,+739,3925,+25,221007,+1055,17861,-341,507.02,+1.54,1.62,+0.01
26th January 2021,Sindh,242054,+854,3900,+8,219952,+471,18202,+375,505.48,+1.78,1.61,-0.00
25th January 2021,Sindh,241200,+630,3892,+4,219481,+793,17827,-167,503.70,+1.32,1.61,-0.00
24th January 2021,Sindh,240570,+635,3888,+13,218688,+825,17994,-203,502.38,+1.33,1.62,+0.00
23rd January 2021,Sindh,239935,+749,3875,+20,217863,+943,18197,-214,501.05,+1.56,1.62,+0.00
22nd January 2021,Sindh,239186,+716,3855,+12,216920,+775,18411,-71,499.49,+1.50,1.61,+0.00
21st January 2021,Sindh,238470,+1162,3843,+13,216145,+1044,18482,+105,497.99,+2.43,1.61,-0.00
20th January 2021,Sindh,237308,+778,3830,+17,215101,+870,18377,-109,495.57,+1.62,1.61,+0.00
19th January 2021,Sindh,236530,+954,3813,+20,214231,+607,18486,+327,493.94,+1.99,1.61,+0.00
18th January 2021,Sindh,235576,+922,3793,+18,213624,+691,18159,+213,491.95,+1.93,1.61,+0.00
17th January 2021,Sindh,234654,+1258,3775,+6,212933,+667,17946,+585,490.03,+2.63,1.61,-0.01
16th January 2021,Sindh,233396,+1443,3769,+14,212266,+1492,17361,-63,487.40,+3.01,1.61,-0.00
15th January 2021,Sindh,231953,+1235,3755,+11,210774,+647,17424,+577,484.39,+2.58,1.62,-0.00
14th January 2021,Sindh,230718,+1769,3744,+14,210127,+888,16847,+867,481.81,+3.69,1.62,-0.01
13th January 2021,Sindh,228949,+1064,3730,+22,209239,+2312,15980,-1270,478.11,+2.22,1.63,+0.00
12th January 2021,Sindh,227885,+1547,3708,+9,206927,+2852,17250,-1314,475.89,+3.23,1.63,-0.01
11th January 2021,Sindh,226338,+829,3699,+6,204075,+747,18564,+76,472.66,+1.73,1.63,-0.00
10th January 2021,Sindh,225509,+1505,3693,+14,203328,+758,18488,+733,470.93,+3.14,1.64,-0.00
9th January 2021,Sindh,224004,+1005,3679,+9,202570,+536,17755,+460,467.79,+2.10,1.64,-0.00
8th January 2021,Sindh,222999,+1265,3670,+17,202034,+2385,17295,-1137,465.69,+2.64,1.65,-0.00
7th January 2021,Sindh,221734,+1233,3653,+19,199649,+1072,18432,+142,463.05,+2.57,1.65,-0.00
6th January 2021,Sindh,220501,+1049,3634,+11,198577,+707,18290,+331,460.47,+2.19,1.65,-0.00
5th January 2021,Sindh,219452,+855,3623,+12,197870,+440,17959,+403,458.28,+1.79,1.65,-0.00
4th January 2021,Sindh,218597,+961,3611,+17,197430,+753,17556,+191,456.49,+2.01,1.65,+0.00
3rd January 2021,Sindh,217636,+1004,3594,+12,196677,+543,17365,+449,454.49,+2.10,1.65,-0.00
2nd January 2021,Sindh,216632,+953,3582,+22,196134,+714,16916,+217,452.39,+1.99,1.65,+0.00
1st January 2021,Sindh,215679,+1254,3560,+27,195420,+769,16699,+458,450.40,+2.62,1.65,+0.00
31st December 2020,Sindh,214425,+1232,3533,+13,194651,+3501,16241,-2282,447.78,+2.57,1.65,-0.00
30th December 2020,Sindh,213193,+1100,3520,+18,191150,+2799,18523,-1717,445.21,+2.30,1.65,-0.00
29th December 2020,Sindh,212093,+817,3502,+11,188351,+584,20240,+222,442.91,+1.71,1.65,-0.00
28th December 2020,Sindh,211276,+1035,3491,+22,187767,+732,20018,+281,441.21,+2.16,1.65,+0.00
27th December 2020,Sindh,210241,+812,3469,+7,187035,+682,19737,+123,439.04,+1.70,1.65,-0.00
26th December 2020,Sindh,209429,+915,3462,+22,186353,+705,19614,+188,437.35,+1.91,1.65,+0.00
25th December 2020,Sindh,208514,+1107,3440,+21,185648,+649,19426,+437,435.44,+2.31,1.65,+0.00
24th December 2020,Sindh,207407,+918,3419,+40,184999,+807,18989,+71,433.13,+1.92,1.65,+0.01
23rd December 2020,Sindh,206489,+1005,3379,+27,184192,+2590,18918,-1612,431.21,+2.10,1.64,+0.01
22nd December 2020,Sindh,205484,+644,3352,+19,181602,+872,20530,-247,429.11,+1.34,1.63,+0.00
21st December 2020,Sindh,204840,+737,3333,+14,180730,+950,20777,-227,427.77,+1.54,1.63,+0.00
20th December 2020,Sindh,204103,+1120,3319,+17,179780,+914,21004,+189,426.23,+2.34,1.63,-0.00
19th December 2020,Sindh,202983,+1903,3302,+32,178866,+839,20815,+1032,423.89,+3.97,1.63,+0.00
18th December 2020,Sindh,201080,+1374,3270,+33,178027,+1690,19783,-349,419.91,+2.87,1.63,+0.01
17th December 2020,Sindh,199706,+1224,3237,+15,176337,+6952,20132,-5743,417.04,+2.56,1.62,-0.00
16th December 2020,Sindh,198482,+1520,3222,+58,169385,+1176,25875,+286,414.49,+3.17,1.62,+0.02
15th December 2020,Sindh,196962,+1260,3164,+6,168209,+866,25589,+388,411.31,+2.63,1.61,-0.01
14th December 2020,Sindh,195702,+1343,3158,+9,167343,+851,25201,+483,408.68,+2.80,1.61,-0.01
13th December 2020,Sindh,194359,+1624,3149,+17,166492,+1026,24718,+581,405.88,+3.39,1.62,-0.00
12th December 2020,Sindh,192735,+1489,3132,+23,165466,+862,24137,+604,402.49,+3.11,1.63,-0.00
11th December 2020,Sindh,191246,+1559,3109,+10,164604,+1112,23533,+437,399.38,+3.26,1.63,-0.01
10th December 2020,Sindh,189687,+2003,3099,+18,163492,+1451,23096,+534,396.12,+4.18,1.63,-0.01
9th December 2020,Sindh,187684,+1472,3081,+21,162041,+1108,22562,+343,391.94,+3.07,1.64,-0.00
8th December 2020,Sindh,186212,+1726,3060,+41,160933,+1352,22219,+333,388.86,+3.60,1.64,+0.01
7th December 2020,Sindh,184486,+2013,3019,+8,159581,+1014,21886,+991,385.26,+4.20,1.64,-0.01
6th December 2020,Sindh,182473,+1569,3011,+20,158567,+1561,20895,-12,381.06,+3.28,1.65,-0.00
5th December 2020,Sindh,180904,+1664,2991,+8,157006,+972,20907,+684,377.78,+3.47,1.65,-0.01
4th December 2020,Sindh,179240,+1615,2983,+15,156034,+1831,20223,-231,374.31,+3.37,1.66,-0.01
3rd December 2020,Sindh,177625,+1983,2968,+6,154203,+561,20454,+1416,370.93,+4.14,1.67,-0.02
2nd December 2020,Sindh,175642,+1292,2962,+27,153642,+1043,19038,+222,366.79,+2.70,1.69,+0.00
1st December 2020,Sindh,174350,+1336,2935,+11,152599,+1070,18816,+255,364.09,+2.79,1.68,-0.01
30th November 2020,Sindh,173014,+1419,2924,+13,151529,+764,18561,+642,361.30,+2.96,1.69,-0.01
29th November 2020,Sindh,171595,+1389,2911,+14,150765,+1650,17919,-275,358.34,+2.90,1.70,-0.01
28th November 2020,Sindh,170206,+1423,2897,+12,149115,+802,18194,+609,355.44,+2.97,1.70,-0.01
27th November 2020,Sindh,168783,+1402,2885,+19,148313,+749,17585,+634,352.47,+2.93,1.71,-0.00
26th November 2020,Sindh,167381,+1348,2866,+8,147564,+607,16951,+733,349.54,+2.82,1.71,-0.01
25th November 2020,Sindh,166033,+1382,2858,+13,146957,+591,16218,+778,346.73,+2.89,1.72,-0.01
24th November 2020,Sindh,164651,+1322,2845,+16,146366,+358,15440,+948,343.84,+2.76,1.73,-0.00
23rd November 2020,Sindh,163329,+1102,2829,+13,146008,+483,14492,+606,341.08,+2.30,1.73,-0.00
22nd November 2020,Sindh,162227,+1199,2816,+17,145525,+382,13886,+800,338.78,+2.50,1.74,-0.00
21st November 2020,Sindh,161028,+1276,2799,+19,145143,+827,13086,+430,336.27,+2.66,1.74,-0.00
20th November 2020,Sindh,159752,+1193,2780,+16,144316,+260,12656,+917,333.61,+2.49,1.74,-0.00
19th November 2020,Sindh,158559,+1127,2764,+4,144056,+404,11739,+719,331.12,+2.35,1.74,-0.01
18th November 2020,Sindh,157432,+904,2760,+9,143652,+400,11020,+495,328.76,+1.89,1.75,-0.00
17th November 2020,Sindh,156528,+848,2751,+4,143252,+545,10525,+299,326.88,+1.77,1.76,-0.01
16th November 2020,Sindh,155680,+942,2747,+9,142707,+290,10226,+643,325.11,+1.97,1.76,-0.00
15th November 2020,Sindh,154738,+865,2738,+16,142417,+335,9583,+514,323.14,+1.81,1.77,+0.00
14th November 2020,Sindh,153873,+822,2722,+4,142082,+322,9069,+496,321.33,+1.72,1.77,-0.01
13th November 2020,Sindh,153051,+979,2718,+14,141760,+314,8573,+651,319.61,+2.04,1.78,-0.00
12th November 2020,Sindh,152072,+720,2704,+14,141446,+449,7922,+257,317.57,+1.50,1.78,+0.00
11th November 2020,Sindh,151352,+518,2690,+3,140997,+185,7665,+330,316.07,+1.08,1.78,-0.00
10th November 2020,Sindh,150834,+665,2687,+3,140812,+262,7335,+400,314.99,+1.39,1.78,-0.01
9th November 2020,Sindh,150169,+627,2684,+5,140550,+142,6935,+480,313.60,+1.31,1.79,-0.00
8th November 2020,Sindh,149542,+620,2679,+12,140408,+175,6455,+433,312.29,+1.29,1.79,+0.00
7th November 2020,Sindh,148922,+579,2667,+3,140233,+367,6022,+209,310.99,+1.21,1.79,-0.00
6th November 2020,Sindh,148343,+556,2664,+17,139866,+233,5813,+306,309.78,+1.16,1.80,+0.00
5th November 2020,Sindh,147787,+492,2647,+8,139633,+357,5507,+127,308.62,+1.03,1.79,-0.00
4th November 2020,Sindh,147295,+521,2639,+6,139276,+302,5380,+213,307.59,+1.09,1.79,-0.00
3rd November 2020,Sindh,146774,+443,2633,+2,138974,+195,5167,+246,306.51,+0.93,1.79,-0.00
2nd November 2020,Sindh,146331,+480,2631,+4,138779,+110,4921,+366,305.58,+1.00,1.80,-0.00
1st November 2020,Sindh,145851,+376,2627,+2,138669,+241,4555,+133,304.58,+0.79,1.80,-0.00
31st October 2020,Sindh,145475,+237,2625,+5,138428,+82,4422,+150,303.79,+0.49,1.80,+0.00
30th October 2020,Sindh,145238,+473,2620,+9,138346,+690,4272,-226,303.30,+0.99,1.80,+0.00
29th October 2020,Sindh,144765,+316,2611,+7,137656,+615,4498,-306,302.31,+0.66,1.80,+0.00
28th October 2020,Sindh,144449,+335,2604,+5,137041,+201,4804,+129,301.65,+0.70,1.80,-0.00
27th October 2020,Sindh,144114,+278,2599,+1,136840,+186,4675,+91,300.95,+0.58,1.80,-0.00
26th October 2020,Sindh,143836,+310,2598,+0,136654,+136,4584,+174,300.37,+0.65,1.81,-0.00
25th October 2020,Sindh,143526,+304,2598,+4,136518,+162,4410,+138,299.72,+0.63,1.81,-0.00
24th October 2020,Sindh,143222,+305,2594,+3,136356,+254,4272,+48,299.09,+0.64,1.81,-0.00
23rd October 2020,Sindh,142917,+276,2591,+1,136102,+343,4224,-68,298.45,+0.58,1.81,-0.00
22nd October 2020,Sindh,142641,+293,2590,+3,135759,+265,4292,+25,297.88,+0.61,1.82,-0.00
21st October 2020,Sindh,142348,+214,2587,+4,135494,+198,4267,-168,297.26,+1.06,1.82,+0.00
20th October 2020,Sindh,142134,+293,2583,+2,135296,+471,4435,+0,296.21,+0.00,1.82,-0.00
19th October 2020,Sindh,141841,+128,2581,+2,134825,+151,4435,-25,296.21,+0.27,1.82,-0.00
18th October 2020,Sindh,141713,+239,2579,+5,134674,+180,4460,+54,295.94,+0.50,1.82,+0.00
17th October 2020,Sindh,141474,+225,2574,+6,134494,+650,4406,-431,295.44,+0.47,1.82,+0.00
16th October 2020,Sindh,141249,+252,2568,+2,133844,+193,4837,+57,294.97,+0.53,1.82,-0.00
15th October 2020,Sindh,140997,+241,2566,+4,133651,+157,4780,+80,294.44,+0.50,1.82,-0.00
14th October 2020,Sindh,140756,+222,2562,+6,133494,+302,4700,-86,293.94,+0.46,1.82,+0.00
13th October 2020,Sindh,140534,+240,2556,+1,133192,+259,4786,-20,293.48,+0.50,1.82,-0.00
12th October 2020,Sindh,140294,+163,2555,+6,132933,+137,4806,+20,292.97,+0.34,1.82,+0.00
11th October 2020,Sindh,140131,+221,2549,+6,132796,+237,4786,-22,292.63,+0.46,1.82,+0.00
10th October 2020,Sindh,139910,+339,2543,+2,132559,+182,4808,+155,292.17,+0.71,1.82,-0.00
9th October 2020,Sindh,139571,+376,2541,+6,132377,+194,4653,+176,291.46,+0.79,1.82,-0.00
8th October 2020,Sindh,139195,+304,2535,+4,132183,+352,4477,-52,290.68,+0.63,1.82,-0.00
7th October 2020,Sindh,138891,+298,2531,+8,131831,+369,4529,-79,290.04,+0.62,1.82,+0.00
6th October 2020,Sindh,138593,+543,2523,+3,131462,+651,4608,-111,289.42,+1.13,1.82,-0.00
5th October 2020,Sindh,138050,+0,2520,+0,130811,+0,4719,+0,288.29,+0.00,1.83,+0.00
4th October 2020,Sindh,138050,+267,2520,+3,130811,+81,4719,+183,288.29,+0.56,1.83,-0.00
3rd October 2020,Sindh,137783,+316,2517,+5,130730,+220,4536,+91,287.73,+0.66,1.83,-0.00
2nd October 2020,Sindh,137467,+361,2512,+13,130510,+158,4445,+190,287.07,+0.75,1.83,+0.00
1st October 2020,Sindh,137106,+311,2499,+2,130352,+215,4255,+94,286.32,+0.65,1.82,-0.00
30th September 2020,Sindh,136795,+400,2497,+2,130137,+245,4161,+153,285.67,+0.84,1.83,-0.00
29th September 2020,Sindh,136395,+378,2495,+3,129892,+139,4008,+236,284.83,+0.79,1.83,-0.00
28th September 2020,Sindh,136017,+251,2492,+6,129753,+207,3772,+38,284.04,+0.52,1.83,+0.00
27th September 2020,Sindh,135766,+278,2486,+5,129546,+150,3734,+123,283.52,+0.58,1.83,-0.00
26th September 2020,Sindh,135488,+242,2481,+4,129396,+295,3611,-57,282.94,+0.51,1.83,-0.00
25th September 2020,Sindh,135246,+401,2477,+6,129101,+137,3668,+258,282.43,+0.84,1.83,-0.00
24th September 2020,Sindh,134845,+408,2471,+2,128964,+154,3410,+252,281.60,+0.85,1.83,-0.00
23rd September 2020,Sindh,134437,+194,2469,+6,128810,+316,3158,-128,280.74,+0.41,1.84,+0.00
22nd September 2020,Sindh,134243,+296,2463,+3,128494,+87,3286,+206,280.34,+0.62,1.83,-0.00
21st September 2020,Sindh,133947,+321,2460,+1,128407,+168,3080,+152,279.72,+0.67,1.84,-0.00
20th September 2020,Sindh,133626,+264,2459,+0,128239,+94,2928,+170,279.05,+0.55,1.84,-0.00
19th September 2020,Sindh,133362,+237,2459,+4,128145,+154,2758,+79,278.50,+0.49,1.84,-0.00
18th September 2020,Sindh,133125,+307,2455,+4,127991,+178,2679,+125,278.00,+0.64,1.84,-0.00
17th September 2020,Sindh,132818,+227,2451,+3,127813,+86,2554,+138,277.36,+0.47,1.85,-0.00
16th September 2020,Sindh,132591,+341,2448,+3,127727,+101,2416,+237,276.89,+0.71,1.85,-0.00
15th September 2020,Sindh,132250,+166,2445,+0,127626,+177,2179,-11,276.18,+0.35,1.85,-0.00
14th September 2020,Sindh,132084,+204,2445,+2,127449,+31,2190,+171,275.83,+0.43,1.85,-0.00
13th September 2020,Sindh,131880,+205,2443,+3,127418,+557,2019,-355,275.40,+0.43,1.85,-0.00
12th September 2020,Sindh,131675,+271,2440,+1,126861,+157,2374,+113,274.98,+0.57,1.85,-0.00
11th September 2020,Sindh,131404,+289,2439,+3,126704,+101,2261,+185,274.41,+0.60,1.86,-0.00
10th September 2020,Sindh,131115,+146,2436,+6,126603,+168,2076,-28,273.81,+0.30,1.86,+0.00
9th September 2020,Sindh,130969,+162,2430,+5,126435,+167,2104,-10,273.50,+0.34,1.86,+0.00
8th September 2020,Sindh,130807,+136,2425,+2,126268,+55,2114,+79,273.16,+0.28,1.85,-0.00
7th September 2020,Sindh,130671,+418,2423,+1,126213,+2201,2035,-1784,272.88,+0.87,1.85,-0.01
6th September 2020,Sindh,130253,+0,2422,+0,124012,+0,3819,+0,272.01,+0.00,1.86,+0.00
5th September 2020,Sindh,130253,+212,2422,+2,124012,+205,3819,+5,272.01,+0.44,1.86,-0.00
4th September 2020,Sindh,130041,+214,2420,+5,123807,+202,3814,+7,271.56,+0.45,1.86,+0.00
3rd September 2020,Sindh,129827,+358,2415,+12,123605,+531,3807,-185,271.12,+0.75,1.86,+0.00
2nd September 2020,Sindh,129469,+121,2403,+2,123074,+135,3992,-16,270.37,+0.25,1.86,-0.00
1st September 2020,Sindh,129348,+80,2401,+3,122939,+37,4008,+40,270.12,+0.17,1.86,+0.00
31st August 2020,Sindh,129268,+89,2398,+3,122902,+67,3968,+19,269.95,+0.19,1.86,+0.00
30th August 2020,Sindh,129179,+98,2395,+1,122835,+101,3949,-4,269.76,+0.20,1.85,-0.00
29th August 2020,Sindh,129081,+204,2394,+6,122734,+183,3953,+15,269.56,+0.43,1.85,+0.00
28th August 2020,Sindh,128877,+201,2388,+4,122551,+90,3938,+107,269.13,+0.42,1.85,+0.00
27th August 2020,Sindh,128676,+220,2384,+11,122461,+280,3831,-71,268.71,+0.46,1.85,+0.01
26th August 2020,Sindh,128456,+172,2373,+6,122181,+266,3902,-100,268.25,+0.36,1.85,+0.00
25th August 2020,Sindh,128284,+0,2367,+0,121915,+0,4002,+0,267.89,+0.00,1.85,+0.00
24th August 2020,Sindh,128284,+593,2367,+10,121915,+1039,4002,-456,267.89,+1.24,1.85,-0.00
23rd August 2020,Sindh,127691,+310,2357,+7,120876,+119,4458,+184,266.66,+0.65,1.85,+0.00
22nd August 2020,Sindh,127381,+321,2350,+7,120757,+264,4274,+50,266.01,+0.67,1.84,+0.00
21st August 2020,Sindh,127060,+317,2343,+7,120493,+252,4224,+58,265.34,+0.66,1.84,+0.00
20th August 2020,Sindh,126743,+318,2336,+5,120241,+392,4166,-79,264.68,+0.66,1.84,-0.00
19th August 2020,Sindh,126425,+243,2331,+9,119849,+277,4245,-43,264.01,+0.51,1.84,+0.00
18th August 2020,Sindh,126182,+0,2322,+0,119572,+0,4288,+0,263.50,+0.00,1.84,+0.00
17th August 2020,Sindh,126182,+550,2322,+9,119572,+547,4288,-6,263.50,+1.15,1.84,-0.00
16th August 2020,Sindh,125632,+343,2313,+6,119025,+101,4294,+236,262.36,+0.72,1.84,-0.00
15th August 2020,Sindh,125289,+360,2307,+10,118924,+952,4058,-602,261.64,+0.75,1.84,+0.00
14th August 2020,Sindh,124929,+0,2297,+0,117972,+0,4660,+0,260.89,+0.78,1.84,+0.00
13th August 2020,Sindh,124929,+802,2297,+15,117972,+1988,4660,-1201,260.11,+0.90,1.84,+0.00
12th August 2020,Sindh,124127,+278,2282,+10,115984,+243,5861,+25,259.21,+0.58,1.84,+0.00
11th August 2020,Sindh,123849,+303,2272,+10,115741,+326,5836,-33,258.63,+0.63,1.83,+0.00
10th August 2020,Sindh,123546,+300,2262,+3,115415,+450,5869,-153,258.00,+0.63,1.83,-0.00
9th August 2020,Sindh,123246,+487,2259,+9,114965,+447,6022,+31,257.37,+1.02,1.83,+0.00
8th August 2020,Sindh,122759,+386,2250,+5,114518,+522,5991,-141,256.36,+0.81,1.83,-0.00
7th August 2020,Sindh,122373,+357,2245,+14,113996,+728,6132,-385,255.55,+0.75,1.83,+0.01
6th August 2020,Sindh,122016,+311,2231,+5,113268,+2019,6517,-1713,254.80,+0.65,1.83,-0.00
5th August 2020,Sindh,121705,+0,2226,+0,111249,+0,8230,+0,254.16,+0.00,1.83,+0.00
4th August 2020,Sindh,121705,+396,2226,+3,111249,+327,8230,+66,254.16,+0.83,1.83,-0.00
3rd August 2020,Sindh,121309,+759,2223,+14,110922,+689,8164,+56,253.33,+1.59,1.83,+0.00
2nd August 2020,Sindh,120550,+0,2209,+0,110233,+0,8108,+0,251.74,+0.00,1.83,+0.00
1st August 2020,Sindh,120550,+498,2209,+20,110233,+689,8108,-211,251.74,+1.04,1.83,+0.01
31st July 2020,Sindh,120052,+654,2189,+17,109544,+555,8319,+82,250.70,+1.37,1.82,+0.00
30th July 2020,Sindh,119398,+574,2172,+10,108989,+509,8237,+55,249.34,+1.20,1.82,-0.00
29th July 2020,Sindh,118824,+513,2162,+11,108480,+1077,8182,-575,248.14,+1.07,1.82,+0.00
28th July 2020,Sindh,118311,+713,2151,+16,107403,+3384,8757,-2687,247.07,+1.49,1.82,+0.00
27th July 2020,Sindh,117598,+0,2135,+0,104019,+0,11444,+0,245.58,+0.00,1.82,+0.00
26th July 2020,Sindh,117598,+798,2135,+25,104019,+528,11444,+245,245.58,+1.67,1.82,+0.01
25th July 2020,Sindh,116800,+917,2110,+14,103491,+3489,11199,-2586,243.91,+1.91,1.81,-0.00
24th July 2020,Sindh,115883,+670,2096,+36,100002,+3776,13785,-3142,242.00,+1.40,1.81,+0.02
23rd July 2020,Sindh,115213,+1109,2060,+19,96226,+1929,16927,-839,240.60,+2.32,1.79,-0.00
22nd July 2020,Sindh,114104,+551,2041,+22,94297,+1363,17766,-834,238.28,+1.15,1.79,+0.01
21st July 2020,Sindh,113553,+546,2019,+26,92934,+897,18600,-377,237.13,+1.14,1.78,+0.01
20th July 2020,Sindh,113007,+889,1993,+19,92037,+654,18977,+216,235.99,+1.86,1.76,+0.00
19th July 2020,Sindh,112118,+880,1974,+22,91383,+3280,18761,-2422,234.13,+1.84,1.76,+0.01
18th July 2020,Sindh,111238,+2325,1952,+64,88103,+17811,21183,-15550,232.30,+4.86,1.75,+0.02
17th July 2020,Sindh,108913,+0,1888,+0,70292,+0,36733,+0,227.44,+0.00,1.73,+0.00
16th July 2020,Sindh,108913,+1140,1888,+25,70292,+4872,36733,-3757,227.44,+2.38,1.73,+0.00
15th July 2020,Sindh,107773,+1151,1863,+37,65420,+1591,40490,-477,225.06,+2.40,1.73,+0.02
14th July 2020,Sindh,106622,+1089,1826,+31,63829,+1871,40967,-813,222.66,+2.27,1.71,+0.01
13th July 2020,Sindh,105533,+1697,1795,+48,61958,+1519,41780,+130,220.38,+3.54,1.70,+0.02
12th July 2020,Sindh,103836,+1468,1747,+34,60439,+1274,41650,+160,216.84,+3.07,1.68,+0.01
11th July 2020,Sindh,102368,+1468,1713,+36,59165,+1538,41490,-106,213.77,+3.07,1.67,+0.01
10th July 2020,Sindh,100900,+1538,1677,+40,57627,+1254,41596,+244,210.71,+3.21,1.66,+0.01
9th July 2020,Sindh,99362,+1736,1637,+23,56373,+1697,41352,+16,207.50,+3.63,1.65,-0.01
8th July 2020,Sindh,97626,+1390,1614,+42,54676,+821,41336,+527,203.87,+2.90,1.65,+0.02
7th July 2020,Sindh,96236,+1708,1572,+46,53855,+690,40809,+972,200.97,+3.57,1.63,+0.02
6th July 2020,Sindh,94528,+3807,1526,+67,53165,+2257,39837,+1483,197.40,+7.95,1.61,+0.01
5th July 2020,Sindh,90721,+1496,1459,+22,50908,+982,38354,+492,189.45,+3.12,1.61,-0.00
4th July 2020,Sindh,89225,+0,1437,+0,49926,+0,37862,+0,186.33,+0.00,1.61,+0.00
3rd July 2020,Sindh,89225,+2430,1437,+31,49926,+1399,37862,+1000,186.33,+5.07,1.61,-0.01
2nd July 2020,Sindh,86795,+2155,1406,+29,48527,+1703,36862,+423,181.25,+4.50,1.62,-0.01
1st July 2020,Sindh,84640,+2655,1377,+34,46824,+1208,36439,+1413,176.75,+5.54,1.63,-0.01
30th June 2020,Sindh,81985,+1539,1343,+74,45616,+1093,35026,+372,171.21,+3.21,1.64,+0.06
29th June 2020,Sindh,80446,+2179,1269,+26,44523,+1079,34654,+1074,167.99,+4.55,1.58,-0.01
28th June 2020,Sindh,78267,+1949,1243,+38,43444,+1452,33580,+459,163.44,+4.07,1.59,+0.01
27th June 2020,Sindh,76318,+1150,1205,+27,41992,+1252,33121,-129,159.37,+2.40,1.58,+0.01
26th June 2020,Sindh,75168,+1098,1178,+17,40740,+1311,33250,-230,156.97,+2.29,1.57,-0.00
25th June 2020,Sindh,74070,+1414,1161,+37,39429,+1028,33480,+349,154.68,+2.95,1.57,+0.02
24th June 2020,Sindh,72656,+1564,1124,+21,38401,+1357,33131,+186,151.73,+3.27,1.55,-0.00
23rd June 2020,Sindh,71092,+1464,1103,+14,37044,+766,32945,+684,148.46,+3.06,1.55,-0.01
22nd June 2020,Sindh,69628,+2275,1089,+41,36278,+2166,32261,+68,145.40,+4.75,1.56,+0.01
21st June 2020,Sindh,67353,+2190,1048,+35,34112,+1387,32193,+768,140.65,+4.57,1.56,+0.00
20th June 2020,Sindh,65163,+2894,1013,+49,32725,+1691,31425,+1154,136.08,+6.04,1.55,+0.01
19th June 2020,Sindh,62269,+2286,964,+48,31034,+1341,30271,+897,130.04,+4.77,1.55,+0.02
18th June 2020,Sindh,59983,+2115,916,+30,29693,+448,29374,+1637,125.26,+4.42,1.53,-0.00
17th June 2020,Sindh,57868,+2287,886,+33,29245,+1222,27737,+1032,120.85,+4.78,1.53,-0.00
16th June 2020,Sindh,55581,+1776,853,+22,28023,+2417,26705,-663,116.07,+3.71,1.53,-0.01
15th June 2020,Sindh,53805,+4549,831,+38,25606,+2493,27368,+2018,112.36,+9.50,1.54,-0.07
14th June 2020,Sindh,49256,+2428,793,+17,23113,+1066,25350,+1345,102.86,+5.07,1.61,-0.05
13th June 2020,Sindh,46828,+0,776,+0,22047,+0,24005,+0,97.79,+0.00,1.66,+0.00
12th June 2020,Sindh,46828,+5525,776,+80,22047,+2151,24005,+3294,97.79,+11.54,1.66,-0.03
11th June 2020,Sindh,41303,+41303,696,+696,19896,+19896,20711,+20711,86.25,+86.25,1.69,+1.69